{
  "intervention": "adjudication_aware_evaluation",
  "description": "Drop held-out rows the audit judged ambiguous or mislabelled, re-score frozen baseline.",
  "ambiguous_heldout_ids": [
    "H0030",
    "H0550",
    "H0935"
  ],
  "suspected_label_error_heldout_ids": [
    "H0143",
    "H0896"
  ],
  "conditions": {
    "original_heldout": {
      "n": 1114,
      "accuracy": 0.9910233393177738,
      "spam_precision": 0.9929078014184397,
      "spam_recall": 0.9395973154362416,
      "spam_f1": 0.9655172413793104,
      "macro_f1": 0.9801786413294901,
      "confusion_matrix_ham_spam": [
        [
          964,
          1
        ],
        [
          9,
          140
        ]
      ],
      "excluded_rows": 0,
      "excluded_rows_baseline_got_wrong": 0
    },
    "exclude_ambiguous": {
      "n": 1111,
      "accuracy": 0.991899189918992,
      "spam_precision": 0.9928571428571429,
      "spam_recall": 0.9455782312925171,
      "spam_f1": 0.9686411149825784,
      "macro_f1": 0.9819949760959403,
      "confusion_matrix_ham_spam": [
        [
          963,
          1
        ],
        [
          8,
          139
        ]
      ],
      "excluded_rows": 3,
      "excluded_rows_baseline_got_wrong": 1
    },
    "exclude_ambiguous_and_suspected_label_errors": {
      "n": 1109,
      "accuracy": 0.9936880072137061,
      "spam_precision": 0.9928571428571429,
      "spam_recall": 0.9586206896551724,
      "spam_f1": 0.9754385964912281,
      "macro_f1": 0.9859086412357847,
      "confusion_matrix_ham_spam": [
        [
          963,
          1
        ],
        [
          6,
          139
        ]
      ],
      "excluded_rows": 5,
      "excluded_rows_baseline_got_wrong": 3
    }
  },
  "accuracy_delta": 0.0026646678959323378,
  "spam_recall_delta": 0.019023374218930855
}
