{
  "intervention": "leakage_aware_evaluation",
  "description": "Drop held-out rows recoverable from training, re-score frozen baseline.",
  "heldout_rows_full": 1114,
  "leaked_rows_removed": 63,
  "leaked_rows_predicted_correctly": 63,
  "heldout_rows_clean": 1051,
  "full_heldout": {
    "n": 1114,
    "accuracy": 0.9910233393177738,
    "spam_precision": 0.9929078014184397,
    "spam_recall": 0.9395973154362416,
    "spam_f1": 0.9655172413793104,
    "macro_f1": 0.9801786413294901,
    "confusion_matrix_ham_spam": [
      [
        964,
        1
      ],
      [
        9,
        140
      ]
    ]
  },
  "clean_heldout": {
    "n": 1051,
    "accuracy": 0.9904852521408183,
    "spam_precision": 0.989010989010989,
    "spam_recall": 0.9090909090909091,
    "spam_f1": 0.9473684210526315,
    "macro_f1": 0.9710691477648095,
    "confusion_matrix_ham_spam": [
      [
        951,
        1
      ],
      [
        9,
        90
      ]
    ]
  },
  "accuracy_delta": -0.0005380871769554707,
  "spam_recall_delta": -0.030506406345332526
}
