feature,standardized_coefficient
digit_count,2.433601054101746
promo_token_count,1.6712294070566736
avg_token_length,0.7402107180830109
has_url,0.6659743000393356
currency_count,0.6358246618915342
exclamation_count,0.32522155996827956
digit_ratio,0.2553107525118696
char_count,0.20012293045721255
uppercase_ratio,0.053455036778456554
has_phone,0.022635402103847842
token_count,-0.17204936859425785
